mc	mn	quarterbeats	quarterbeats_all_endings	duration_qb	mc_onset	mn_onset	event	timesig	staff	voice	duration	nominal_duration	scalar	chord_id
1	1	0	0	2.0	0	0	Chord	4/4	1	1	1/2	1/2	1	0
1	1	2	2	2.0	1/2	1/2	Chord	4/4	1	1	1/2	1/2	1	1
1	1	0	0	2.0	0	0	Chord	4/4	2	1	1/2	1/2	1	2
1	1	2	2	2.0	1/2	1/2	Chord	4/4	2	1	1/2	1/2	1	3
1	1	0	0	2.0	0	0	Chord	4/4	3	1	1/2	1/2	1	4
1	1	2	2	2.0	1/2	1/2	Chord	4/4	3	1	1/2	1/2	1	5
1	1	0	0	2.0	0	0	Chord	4/4	4	1	1/2	1/2	1	6
1	1	2	2	2.0	1/2	1/2	Chord	4/4	4	1	1/2	1/2	1	7
2	2	4	4	1.0	0	0	Chord	4/4	1	1	1/4	1/4	1	8
2	2	5	5	1.0	1/4	1/4	Chord	4/4	1	1	1/4	1/4	1	9
2	2	6	6	2.0	1/2	1/2	Chord	4/4	1	1	1/2	1/2	1	10
2	2	4	4	1.0	0	0	Chord	4/4	2	1	1/4	1/4	1	11
2	2	5	5	1.0	1/4	1/4	Chord	4/4	2	1	1/4	1/4	1	12
2	2	6	6	2.0	1/2	1/2	Chord	4/4	2	1	1/2	1/2	1	13
2	2	4	4	1.0	0	0	Chord	4/4	3	1	1/4	1/4	1	14
2	2	5	5	1.0	1/4	1/4	Chord	4/4	3	1	1/4	1/4	1	15
2	2	6	6	2.0	1/2	1/2	Chord	4/4	3	1	1/2	1/2	1	16
2	2	4	4	1.0	0	0	Chord	4/4	4	1	1/4	1/4	1	17
2	2	5	5	1.0	1/4	1/4	Chord	4/4	4	1	1/4	1/4	1	18
2	2	6	6	2.0	1/2	1/2	Chord	4/4	4	1	1/2	1/2	1	19
3	3	8	8	2.0	0	0	Chord	4/4	1	1	1/2	1/2	1	20
3	3	10	10	2.0	1/2	1/2	Chord	4/4	1	1	1/2	1/2	1	21
3	3	8	8	2.0	0	0	Chord	4/4	2	1	1/2	1/2	1	22
3	3	10	10	2.0	1/2	1/2	Chord	4/4	2	1	1/2	1/2	1	23
3	3	8	8	2.0	0	0	Chord	4/4	3	1	1/2	1/2	1	24
3	3	10	10	2.0	1/2	1/2	Chord	4/4	3	1	1/2	1/2	1	25
3	3	8	8	2.0	0	0	Chord	4/4	4	1	1/2	1/2	1	26
3	3	10	10	2.0	1/2	1/2	Chord	4/4	4	1	1/2	1/2	1	27
4	4	12	12	1.0	0	0	Chord	4/4	1	1	1/4	1/4	1	28
4	4	13	13	1.0	1/4	1/4	Chord	4/4	1	1	1/4	1/4	1	29
4	4	14	14	2.0	1/2	1/2	Chord	4/4	1	1	1/2	1/2	1	30
4	4	12	12	1.0	0	0	Chord	4/4	2	1	1/4	1/4	1	31
4	4	13	13	1.0	1/4	1/4	Chord	4/4	2	1	1/4	1/4	1	32
4	4	14	14	2.0	1/2	1/2	Chord	4/4	2	1	1/2	1/2	1	33
4	4	12	12	1.0	0	0	Chord	4/4	3	1	1/4	1/4	1	34
4	4	13	13	2.0	1/4	1/4	Chord	4/4	3	1	1/2	1/2	1	35
4	4	15	15	1.0	3/4	3/4	Chord	4/4	3	1	1/4	1/4	1	36
4	4	12	12	1.0	0	0	Chord	4/4	4	1	1/4	1/4	1	37
4	4	13	13	1.0	1/4	1/4	Chord	4/4	4	1	1/4	1/4	1	38
4	4	14	14	2.0	1/2	1/2	Chord	4/4	4	1	1/2	1/2	1	39
5	5	16	16	2.0	0	0	Chord	4/4	1	1	1/2	1/2	1	40
5	5	16	16	2.0	0	0	Chord	4/4	2	1	1/2	1/2	1	41
5	5	16	16	2.0	0	0	Chord	4/4	3	1	1/2	1/2	1	42
5	5	16	16	2.0	0	0	Chord	4/4	4	1	1/2	1/2	1	43
6	6	20	20	2.0	0	0	Chord	4/4	1	1	1/2	1/2	1	44
6	6	22	22	2.0	1/2	1/2	Chord	4/4	1	1	1/2	1/2	1	45
6	6	20	20	2.0	0	0	Chord	4/4	2	1	1/2	1/2	1	46
6	6	22	22	2.0	1/2	1/2	Chord	4/4	2	1	1/2	1/2	1	47
6	6	20	20	2.0	0	0	Chord	4/4	3	1	1/2	1/2	1	48
6	6	22	22	2.0	1/2	1/2	Chord	4/4	3	1	1/2	1/2	1	49
6	6	20	20	2.0	0	0	Chord	4/4	4	1	1/2	1/2	1	50
6	6	22	22	2.0	1/2	1/2	Chord	4/4	4	1	1/2	1/2	1	51
7	7	24	24	1.0	0	0	Chord	4/4	1	1	1/4	1/4	1	52
7	7	25	25	1.0	1/4	1/4	Chord	4/4	1	1	1/4	1/4	1	53
7	7	26	26	2.0	1/2	1/2	Chord	4/4	1	1	1/2	1/2	1	54
7	7	24	24	1.0	0	0	Chord	4/4	2	1	1/4	1/4	1	55
7	7	25	25	1.0	1/4	1/4	Chord	4/4	2	1	1/4	1/4	1	56
7	7	26	26	2.0	1/2	1/2	Chord	4/4	2	1	1/2	1/2	1	57
7	7	24	24	1.0	0	0	Chord	4/4	3	1	1/4	1/4	1	58
7	7	25	25	1.0	1/4	1/4	Chord	4/4	3	1	1/4	1/4	1	59
7	7	26	26	2.0	1/2	1/2	Chord	4/4	3	1	1/2	1/2	1	60
7	7	24	24	1.0	0	0	Chord	4/4	4	1	1/4	1/4	1	61
7	7	25	25	1.0	1/4	1/4	Chord	4/4	4	1	1/4	1/4	1	62
7	7	26	26	2.0	1/2	1/2	Chord	4/4	4	1	1/2	1/2	1	63
8	8	28	28	1.0	0	0	Chord	4/4	1	1	1/4	1/4	1	64
8	8	29	29	1.0	1/4	1/4	Chord	4/4	1	1	1/4	1/4	1	65
8	8	30	30	2.0	1/2	1/2	Chord	4/4	1	1	1/2	1/2	1	66
8	8	28	28	1.0	0	0	Chord	4/4	2	1	1/4	1/4	1	67
8	8	29	29	1.0	1/4	1/4	Chord	4/4	2	1	1/4	1/4	1	68
8	8	30	30	2.0	1/2	1/2	Chord	4/4	2	1	1/2	1/2	1	69
8	8	28	28	1.0	0	0	Chord	4/4	3	1	1/4	1/4	1	70
8	8	29	29	1.0	1/4	1/4	Chord	4/4	3	1	1/4	1/4	1	71
8	8	30	30	2.0	1/2	1/2	Chord	4/4	3	1	1/2	1/2	1	72
8	8	28	28	1.0	0	0	Chord	4/4	4	1	1/4	1/4	1	73
8	8	29	29	1.0	1/4	1/4	Chord	4/4	4	1	1/4	1/4	1	74
8	8	30	30	2.0	1/2	1/2	Chord	4/4	4	1	1/2	1/2	1	75
9	9	32	32	2.0	0	0	Chord	4/4	1	1	1/2	1/2	1	76
9	9	34	34	2.0	1/2	1/2	Chord	4/4	1	1	1/2	1/2	1	77
9	9	32	32	2.0	0	0	Chord	4/4	2	1	1/2	1/2	1	78
9	9	34	34	2.0	1/2	1/2	Chord	4/4	2	1	1/2	1/2	1	79
9	9	32	32	2.0	0	0	Chord	4/4	3	1	1/2	1/2	1	80
9	9	34	34	2.0	1/2	1/2	Chord	4/4	3	1	1/2	1/2	1	81
9	9	32	32	2.0	0	0	Chord	4/4	4	1	1/2	1/2	1	82
9	9	34	34	2.0	1/2	1/2	Chord	4/4	4	1	1/2	1/2	1	83
10	10	38	38	1.0	1/2	1/2	Chord	4/4	1	1	1/4	1/4	1	84
10	10	39	39	1.0	3/4	3/4	Chord	4/4	1	1	1/4	1/4	1	85
10	10	38	38	1.0	1/2	1/2	Chord	4/4	2	1	1/4	1/4	1	86
10	10	39	39	1.0	3/4	3/4	Chord	4/4	2	1	1/4	1/4	1	87
10	10	38	38	1.0	1/2	1/2	Chord	4/4	3	1	1/4	1/4	1	88
10	10	39	39	1.0	3/4	3/4	Chord	4/4	3	1	1/4	1/4	1	89
10	10	38	38	1.0	1/2	1/2	Chord	4/4	4	1	1/4	1/4	1	90
10	10	39	39	1.0	3/4	3/4	Chord	4/4	4	1	1/4	1/4	1	91
11	11	40	40	2.0	0	0	Chord	4/4	1	1	1/2	1/2	1	92
11	11	42	42	2.0	1/2	1/2	Chord	4/4	1	1	1/2	1/2	1	93
11	11	40	40	2.0	0	0	Chord	4/4	2	1	1/2	1/2	1	94
11	11	42	42	2.0	1/2	1/2	Chord	4/4	2	1	1/2	1/2	1	95
11	11	40	40	2.0	0	0	Chord	4/4	3	1	1/2	1/2	1	96
11	11	42	42	2.0	1/2	1/2	Chord	4/4	3	1	1/2	1/2	1	97
11	11	40	40	2.0	0	0	Chord	4/4	4	1	1/2	1/2	1	98
11	11	42	42	2.0	1/2	1/2	Chord	4/4	4	1	1/2	1/2	1	99
12	12	44	44	2.0	0	0	Chord	4/4	1	1	1/2	1/2	1	100
12	12	46	46	1.0	1/2	1/2	Chord	4/4	1	1	1/4	1/4	1	101
12	12	47	47	1.0	3/4	3/4	Chord	4/4	1	1	1/4	1/4	1	102
12	12	44	44	2.0	0	0	Chord	4/4	2	1	1/2	1/2	1	103
12	12	46	46	1.0	1/2	1/2	Chord	4/4	2	1	1/4	1/4	1	104
12	12	47	47	1.0	3/4	3/4	Chord	4/4	2	1	1/4	1/4	1	105
12	12	44	44	2.0	0	0	Chord	4/4	3	1	1/2	1/2	1	106
12	12	46	46	1.0	1/2	1/2	Chord	4/4	3	1	1/4	1/4	1	107
12	12	47	47	1.0	3/4	3/4	Chord	4/4	3	1	1/4	1/4	1	108
12	12	44	44	2.0	0	0	Chord	4/4	4	1	1/2	1/2	1	109
12	12	46	46	1.0	1/2	1/2	Chord	4/4	4	1	1/4	1/4	1	110
12	12	47	47	1.0	3/4	3/4	Chord	4/4	4	1	1/4	1/4	1	111
13	13	48	48	1.0	0	0	Chord	4/4	1	1	1/4	1/4	1	112
13	13	49	49	1.0	1/4	1/4	Chord	4/4	1	1	1/4	1/4	1	113
13	13	50	50	2.0	1/2	1/2	Chord	4/4	1	1	1/2	1/2	1	114
13	13	48	48	1.0	0	0	Chord	4/4	2	1	1/4	1/4	1	115
13	13	49	49	2.0	1/4	1/4	Chord	4/4	2	1	1/2	1/2	1	116
13	13	51	51	1.0	3/4	3/4	Chord	4/4	2	1	1/4	1/4	1	117
13	13	48	48	1.0	0	0	Chord	4/4	3	1	1/4	1/4	1	118
13	13	49	49	1.0	1/4	1/4	Chord	4/4	3	1	1/4	1/4	1	119
13	13	50	50	2.0	1/2	1/2	Chord	4/4	3	1	1/2	1/2	1	120
13	13	48	48	1.0	0	0	Chord	4/4	4	1	1/4	1/4	1	121
13	13	49	49	1.0	1/4	1/4	Chord	4/4	4	1	1/4	1/4	1	122
13	13	50	50	2.0	1/2	1/2	Chord	4/4	4	1	1/2	1/2	1	123
14	14	52	52	4.0	0	0	Chord	4/4	1	1	1	1	1	124
14	14	52	52	4.0	0	0	Chord	4/4	2	1	1	1	1	125
14	14	52	52	4.0	0	0	Chord	4/4	3	1	1	1	1	126
14	14	52	52	4.0	0	0	Chord	4/4	4	1	1	1	1	127
